kluster,distance,speed
0,5.58503125,17.99240659904348
1,4.845476923076923,14.664773360737207
2,6.587,21.1954933253485
