kluster,income,gdpp
0,12644.48275862069,6657.379310344828
1,45802.857142857145,43117.142857142855
2,3555.4,1704.9333333333334
